{
  "model_info": {
    "type": "RandomForest",
    "n_estimators": 50,
    "n_features": 78,
    "test_accuracy": 0.9333333333333333,
    "oob_score": 0.9555555555555556,
    "suggested_threshold": 0.9309268292682926,
    "class_counts": {
      "footstep": 388,
      "non_footstep": 62
    }
  },
  "feature_scaling": {
    "means": [
      -602.7581618414985,
      160.65501899719237,
      -41.334545039882265,
      57.87847738265991,
      31.845689444161124,
      -2.6111511023818617,
      8.317069792250793,
      7.044430977825282,
      6.940280343726691,
      2.9254472795550504,
      -7.051615565166705,
      -3.6806505237912965,
      0.8717728835116658,
      45.67845118575626,
      19.58319680955675,
      17.89137794839011,
      13.874147091971503,
      9.93955448071162,
      9.19555014901691,
      8.639834792084164,
      7.848134432898627,
      7.152045453919305,
      6.985763669676251,
      6.650180400742425,
      6.361366699801551,
      6.190591758489608,
      -479.3941740247938,
      210.06898727416993,
      -4.288476261165407,
      88.82708064185249,
      52.31521885924869,
      17.364404699206354,
      25.997411966986128,
      23.464847999148898,
      22.49501263300578,
      18.231412694851556,
      7.331918892119494,
      10.15369946145349,
      14.156466167502932,
      -664.699649810791,
      120.27552291022407,
      -83.87591103447808,
      28.840383124599853,
      7.833410300128162,
      -23.135923457787268,
      -12.492052782078584,
      -10.76512208075987,
      -8.990708704530778,
      -12.02348187830713,
      -21.88162806563907,
      -17.948988585174085,
      -13.21685878187418,
      -0.6216674996824522,
      0.025933579679500933,
      -0.020851376879080716,
      -0.07636550658563566,
      -0.04781598331594271,
      -0.11672691169660539,
      0.013379680084176471,
      -0.01349551788763266,
      -0.022750146792047114,
      -0.02387857351843397,
      -0.06784604192378335,
      -0.010272693318256643,
      -0.010777891939667623,
      0.25533596194258684,
      -0.21335697396409362,
      0.24794400507930225,
      -0.1359299038937833,
      -0.042569408044639406,
      0.013075105857408037,
      -0.05648427576791922,
      -0.0009473872175072353,
      -0.024350293001366985,
      -0.00878585132668377,
      0.018266185495061413,
      0.018618966990420125,
      -0.00032486775744473563
    ],
    "stds": [
      57.02209587071881,
      21.797849955770218,
      23.083091384208686,
      10.15443530590859,
      14.164539239007297,
      6.36981687006745,
      7.87125704161829,
      6.222437015016971,
      3.9586372656186053,
      3.8096064432406482,
      3.794279126324187,
      2.975360252650966,
      3.13751024125266,
      16.72012769580516,
      6.062504537296314,
      6.389642991421548,
      3.783827582223441,
      2.100178156577783,
      2.104610209949243,
      1.8707744701908642,
      1.6545909028811314,
      1.285290760206711,
      1.2120985086011329,
      1.0758239890630383,
      0.9716792630541925,
      1.0423252107490677,
      73.641648916859,
      20.07629429161576,
      21.63527222147637,
      12.344129891444048,
      14.67320960296754,
      7.643779524838745,
      8.026898971076962,
      6.979395307361856,
      5.087899224290116,
      4.739397990584432,
      4.7572916137940195,
      4.533457735265674,
      4.531554634043661,
      51.07310243994368,
      19.67927754603078,
      25.38389558972753,
      11.752253269289472,
      14.207219957331704,
      9.393196993381236,
      9.944414054386085,
      7.505893721996067,
      6.261556254532051,
      5.246842775663348,
      5.687926745781581,
      4.86235689515952,
      4.9240217426277075,
      1.9911967493598652,
      0.6703612838838015,
      0.7869327587136221,
      0.5670098439800242,
      0.3749956923040899,
      0.3094339616653266,
      0.34995591566795675,
      0.28118944803615475,
      0.24883566980077013,
      0.2414651467025248,
      0.2105435196064534,
      0.19380314347359742,
      0.21398784600114482,
      0.710496790448607,
      0.41988840112017733,
      0.3205305287347246,
      0.23781593185189037,
      0.2231134253887008,
      0.1682333792203853,
      0.1698377362320834,
      0.16304764570933847,
      0.14155354265010803,
      0.13747281906901923,
      0.14610853707079505,
      0.136548569340613,
      0.13717165806907547
    ],
    "feature_names": [
      "mfcc_0_mean",
      "mfcc_0_std",
      "mfcc_0_max",
      "mfcc_0_min",
      "mfcc_1_mean",
      "mfcc_1_std",
      "mfcc_1_max",
      "mfcc_1_min",
      "mfcc_2_mean",
      "mfcc_2_std",
      "mfcc_2_max",
      "mfcc_2_min",
      "mfcc_3_mean",
      "mfcc_3_std",
      "mfcc_3_max",
      "mfcc_3_min",
      "mfcc_4_mean",
      "mfcc_4_std",
      "mfcc_4_max",
      "mfcc_4_min",
      "mfcc_5_mean",
      "mfcc_5_std",
      "mfcc_5_max",
      "mfcc_5_min",
      "mfcc_6_mean",
      "mfcc_6_std",
      "mfcc_6_max",
      "mfcc_6_min",
      "mfcc_7_mean",
      "mfcc_7_std",
      "mfcc_7_max",
      "mfcc_7_min",
      "mfcc_8_mean",
      "mfcc_8_std",
      "mfcc_8_max",
      "mfcc_8_min",
      "mfcc_9_mean",
      "mfcc_9_std",
      "mfcc_9_max",
      "mfcc_9_min",
      "mfcc_10_mean",
      "mfcc_10_std",
      "mfcc_10_max",
      "mfcc_10_min",
      "mfcc_11_mean",
      "mfcc_11_std",
      "mfcc_11_max",
      "mfcc_11_min",
      "mfcc_12_mean",
      "mfcc_12_std",
      "mfcc_12_max",
      "mfcc_12_min",
      "mfcc_0_delta_mean",
      "mfcc_0_delta2_mean",
      "mfcc_1_delta_mean",
      "mfcc_1_delta2_mean",
      "mfcc_2_delta_mean",
      "mfcc_2_delta2_mean",
      "mfcc_3_delta_mean",
      "mfcc_3_delta2_mean",
      "mfcc_4_delta_mean",
      "mfcc_4_delta2_mean",
      "mfcc_5_delta_mean",
      "mfcc_5_delta2_mean",
      "mfcc_6_delta_mean",
      "mfcc_6_delta2_mean",
      "mfcc_7_delta_mean",
      "mfcc_7_delta2_mean",
      "mfcc_8_delta_mean",
      "mfcc_8_delta2_mean",
      "mfcc_9_delta_mean",
      "mfcc_9_delta2_mean",
      "mfcc_10_delta_mean",
      "mfcc_10_delta2_mean",
      "mfcc_11_delta_mean",
      "mfcc_11_delta2_mean",
      "mfcc_12_delta_mean",
      "mfcc_12_delta2_mean"
    ]
  },
  "decision_rules": [
    {
      "feature_idx": 26,
      "feature_name": "mfcc_6_max",
      "threshold": -1.0689850747585297,
      "weight": 0.1215364141213657,
      "is_greater_than": true,
      "tree_id": 0,
      "depth": 0,
      "footstep_probability": 0.9611771976518473
    },
    {
      "feature_idx": 26,
      "feature_name": "mfcc_6_max",
      "threshold": -1.1181817948818207,
      "weight": 0.1089291341061026,
      "is_greater_than": true,
      "tree_id": 8,
      "depth": 1,
      "footstep_probability": 0.9999999900000002
    },
    {
      "feature_idx": 26,
      "feature_name": "mfcc_6_max",
      "threshold": -0.910268634557724,
      "weight": 0.10575431512210562,
      "is_greater_than": true,
      "tree_id": 2,
      "depth": 2,
      "footstep_probability": 0.9999999900000002
    },
    {
      "feature_idx": 1,
      "feature_name": "mfcc_0_std",
      "threshold": 0.45874032378196716,
      "weight": 0.0820003458932098,
      "is_greater_than": false,
      "tree_id": 1,
      "depth": 0,
      "footstep_probability": 0.8681785880581148
    },
    {
      "feature_idx": 0,
      "feature_name": "mfcc_0_mean",
      "threshold": -0.4923502951860428,
      "weight": 0.08043388018759655,
      "is_greater_than": true,
      "tree_id": 5,
      "depth": 0,
      "footstep_probability": 0.9767092314049589
    },
    {
      "feature_idx": 13,
      "feature_name": "mfcc_3_std",
      "threshold": -0.9212045967578888,
      "weight": 0.07759335803702325,
      "is_greater_than": true,
      "tree_id": 2,
      "depth": 0,
      "footstep_probability": 0.8404802660377361
    },
    {
      "feature_idx": 13,
      "feature_name": "mfcc_3_std",
      "threshold": -1.6418086886405945,