{
  "n_features": 78,
  "scaler_means": [
    -600.1228147718641,
    159.96638774871826,
    -42.66532249194052,
    58.44446973800659,
    31.127138533939917,
    -2.3908853951505282,
    8.241280147516065,
    6.847089395232292,
    7.040596763851742,
    2.9827983356585417,
    -7.215529982580079,
    -3.5218144934107034,
    0.8870633323159482,
    45.973054838180545,
    19.526160780588786,
    17.809950841797722,
    13.839521100785998,
    9.974283603827159,
    9.24307120905982,
    8.653310108184815,
    7.8599114510748125,
    7.159199611345927,
    6.974679256147809,
    6.651698990662893,
    6.375130018923017,
    6.208518234888713,
    -475.26578623453776,
    209.25238321092394,
    -5.644018778370486,
    89.07564910252889,
    51.88462755944994,
    17.735220789578225,
    26.01838474339909,
    23.316606974601747,
    22.415613990359837,
    18.164829372035133,
    7.184463946086665,
    10.285361823936304,
    14.096749267313216,
    -662.9613015068902,
    120.18693629370796,
    -85.22319935692681,
    29.39215081491404,
    7.113152419527371,
    -23.256337355884412,
    -12.780387217220333,
    -10.89127026523153,
    -9.006075887620035,
    -11.842457285275062,
    -22.026274127430387,
    -18.00651103042894,
    -13.3391254009472,
    -0.6659789390706767,
    0.028824266478962576,
    0.008416300433843086,
    -0.06546832365565933,
    -0.03805627151321257,
    -0.12105542184694464,
    0.010708088288919903,
    -0.021401409715892643,
    -0.024318449965196325,
    -0.04264972727687564,
    -0.07254809607580279,
    -0.006240686573599103,
    -0.011098156278442023,
    0.22806034307836348,
    -0.21378988901253454,
    0.26018723932389143,
    -0.13699706544123022,
    -0.03448744224135428,
    0.015359805842146872,
    -0.04871208352607129,
    0.008076539536250493,
    -0.020179771476412294,
    -0.0095085127177299,
    0.01987315154702824,
    0.022710189952178755,
    0.006468633082759981
  ],
  "scaler_stds": [
    56.16045168162201,
    22.20726294242446,
    22.8521808691304,
    10.458989651517477,
    14.520298609472544,
    6.301850954439325,
    7.982903837216566,
    5.989969983148504,
    4.184225371972069,
    3.6961959200599286,
    3.792199712861744,
    3.0219345582945936,
    3.160364354638423,
    16.735419849754898,
    6.062764974820249,
    6.361273312033387,
    3.7714890126432516,
    2.092364034023339,
    2.0972875614656785,
    1.9150174136778413,
    1.6452548884179585,
    1.3324687393000505,
    1.22134141216445,
    1.0677076055632506,
    1.0030281096726796,
    1.0813789310931927,
    72.92487052848817,
    20.99043662363585,
    21.714702502554548,
    12.665036653137234,
    15.024671570909469,
    7.82918141936059,
    8.23627548604832,
    6.826524857737306,
    5.208450159626619,
    4.747794498860973,
    4.638421251199016,
    4.559376934934068,
    4.5667066312991516,
    50.41554445669228,
    20.56303495902672,
    25.051617587201097,
    12.32531621914859,
    14.669826934698913,
    9.456423807909584,
    10.328180840299916,
    7.341792902566362,
    6.52907175827081,
    5.1378696435622215,
    5.690220561751519,
    5.023894817938088,
    4.983291564480151,
    2.0289835726538166,
    0.6989771603060612,
    0.7832553666359325,
    0.5694349382836849,
    0.3854083116783811,
    0.3155166973505564,
    0.34567359765821504,
    0.28360210131392344,
    0.2517019433481985,
    0.24030083592287688,
    0.21543862652784526,
    0.19072841783905783,
    0.21403400252643884,
    0.7671571036592174,
    0.416973274044419,
    0.33204717880640977,
    0.24988772134093998,
    0.22401970348753933,
    0.16773621623589255,
    0.17162979386843016,
    0.16268502348418334,
    0.1462049498575896,
    0.13713650683477963,
    0.14147800959200016,
    0.14026609734784334,
    0.13823329012622845
  ],
  "n_trees": 100,
  "accuracy": 0.9333333333333333,
  "key_features": [
    26,
    1,
    13,
    0,
    66,
    39,
    18,
    16,
    14,
    40
  ],
  "key_thresholds": [
    0.1,
    0.15,
    0.2,
    0.12,
    0.08,
    0.18,
    0.14,
    0.16,
    0.11,
    0.13
  ],
  "classification_threshold": 0.5
}