{
  "model_info": {
    "type": "RandomForest_Professional",
    "training_samples": 64,
    "test_accuracy": 0.75,
    "cv_score": 0.7948717948717948,
    "n_features": 78,
    "optimal_threshold": 0.5088988095238095,
    "dataset_sources": [
      "TUM_GAIT",
      "ESC50"
    ]
  },
  "feature_scaling": {
    "means": [
      -173.77777835726738,
      46.92357936874032,
      -60.823893677734304,
      -238.46715158224106,
      -0.08617147591940011,
      -0.35285122501227306,
      46.20224714372307,
      15.69697672687471,
      77.8758864030242,
      13.699876808561385,
      -0.06759850778325927,
      0.016100795609418128,
      1.5247928746975958,
      8.388589831069112,
      18.726710049435496,
      -20.277116171084344,
      0.011089836174505763,
      0.02498096802355576,
      7.759583353996277,
      5.989143714308739,
      21.946611656807363,
      -6.934551848098636,
      -0.013201544650655705,
      -0.011847854274037672,
      2.4119304914202075,
      5.006380580365658,
      12.58190811984241,
      -11.017524124123156,
      -0.00021250018835416995,
      0.015921577687322497,
      5.047788931522518,
      4.319849932566285,
      14.736518781632185,
      -6.046895150560886,
      -0.002038852684563608,
      -0.01119497281842996,
      1.7396489256061614,
      4.131707904860377,
      10.80746293021366,
      -8.833068681880832,
      0.002796001163915207,
      -0.0016923944963309623,
      2.772077089524828,
      3.682872075587511,
      11.177747381851077,
      -6.51739417668432,
      -0.01491684220377465,
      -0.009280260951527453,
      2.011871582362801,
      3.2508329525589943,
      9.362093326635659,
      -6.526652990923488,
      0.00539036023474182,
      -0.0016284474604617571,
      2.45927406321789,
      3.1973302103579044,
      9.800760352052748,
      -5.982721694279462,
      -0.008511806152455392,
      -0.0030851953147248423,
      1.1798450842034072,
      2.92277511022985,
      8.211525229737163,
      -6.005038505420089,
      0.00038601191772613674,
      -0.005737810736434312,
      2.171997744932014,
      2.8912979513406754,
      9.004407174885273,
      -5.091481266077608,
      -0.005751736493493809,
      -0.008631085632259783,
      0.6737545654759742,
      2.766371950507164,
      7.485381085425615,
      -6.08374497294426,
      -0.0002657948848536762,
      0.008405793120346061
    ],
    "stds": [
      72.79509623801216,
      32.65763585421609,
      60.28043569588814,
      91.1138663369974,
      0.991232976058145,
      0.30989645798285653,
      21.700846632864327,
      11.152323763531445,
      31.95017143341885,
      26.206380227209507,
      0.34613767170678056,
      0.13809834168460244,
      15.817673735437447,
      4.347705369668854,
      15.025292469451024,
      21.042993508351458,
      0.1343000299691221,
      0.0963273197010374,
      11.062990917468316,
      2.992714619039135,
      12.63350995032807,
      13.288397280192926,
      0.1081941906584091,
      0.06989875562666442,
      7.9875527384051725,
      2.2718057559709646,
      7.58880444106845,
      11.271917071502681,
      0.08289207802411902,
      0.06697080337857161,
      7.461239278275874,
      2.162063604428375,
      8.383742408314122,
      10.664850812920486,
      0.06436527417221027,
      0.0430511899892163,
      5.963370004721602,
      1.836932605934937,
      6.7466794957473,
      8.913772768175097,
      0.05588520906185805,
      0.04607667250493474,
      5.39335317789501,
      1.6319717928108903,
      6.855370423025999,
      6.7971318835516135,
      0.07624471745545411,
      0.05083573927127374,
      4.851531487908773,
      1.261741749953428,
      4.700960462921577,
      6.798909751687697,
      0.052866635308787595,
      0.03494590769104246,
      3.685549396272594,
      1.2675503846599445,
      5.563816996684749,
      4.549048372655681,
      0.05266726345688326,
      0.035528654672165594,
      3.654983928676219,
      1.0280456208312287,
      4.236796188766992,
      4.761430067926594,
      0.053999111463344455,
      0.03610391897010732,
      3.7372003599646733,
      1.1356407977870113,
      4.631813138245681,
      4.883114830562188,
      0.048172454576514194,
      0.03495904585557633,
      2.942163883592631,
      0.9582338555232262,
      4.000179131930127,
      4.078086497952605,
      0.04737211845549138,
      0.04304446679167922
    ],
    "feature_names": [
      "mfcc_0_mean",
      "mfcc_0_std",
      "mfcc_0_max",
      "mfcc_0_min",
      "mfcc_0_delta_mean",
      "mfcc_0_delta2_mean",
      "mfcc_1_mean",
      "mfcc_1_std",
      "mfcc_1_max",
      "mfcc_1_min",
      "mfcc_1_delta_mean",
      "mfcc_1_delta2_mean",
      "mfcc_2_mean",
      "mfcc_2_std",
      "mfcc_2_max",
      "mfcc_2_min",
      "mfcc_2_delta_mean",
      "mfcc_2_delta2_mean",
      "mfcc_3_mean",
      "mfcc_3_std",
      "mfcc_3_max",
      "mfcc_3_min",
      "mfcc_3_delta_mean",
      "mfcc_3_delta2_mean",
      "mfcc_4_mean",
      "mfcc_4_std",
      "mfcc_4_max",
      "mfcc_4_min",
      "mfcc_4_delta_mean",
      "mfcc_4_delta2_mean",
      "mfcc_5_mean",
      "mfcc_5_std",
      "mfcc_5_max",
      "mfcc_5_min",
      "mfcc_5_delta_mean",
      "mfcc_5_delta2_mean",
      "mfcc_6_mean",
      "mfcc_6_std",
      "mfcc_6_max",
      "mfcc_6_min",
      "mfcc_6_delta_mean",
      "mfcc_6_delta2_mean",
      "mfcc_7_mean",
      "mfcc_7_std",
      "mfcc_7_max",
      "mfcc_7_min",
      "mfcc_7_delta_mean",
      "mfcc_7_delta2_mean",
      "mfcc_8_mean",
      "mfcc_8_std",
      "mfcc_8_max",
      "mfcc_8_min",
      "mfcc_8_delta_mean",
      "mfcc_8_delta2_mean",
      "mfcc_9_mean",
      "mfcc_9_std",
      "mfcc_9_max",
      "mfcc_9_min",
      "mfcc_9_delta_mean",
      "mfcc_9_delta2_mean",
      "mfcc_10_mean",
      "mfcc_10_std",
      "mfcc_10_max",
      "mfcc_10_min",
      "mfcc_10_delta_mean",
      "mfcc_10_delta2_mean",
      "mfcc_11_mean",
      "mfcc_11_std",
      "mfcc_11_max",
      "mfcc_11_min",
      "mfcc_11_delta_mean",
      "mfcc_11_delta2_mean",
      "mfcc_12_mean",
      "mfcc_12_std",
      "mfcc_12_max",
      "mfcc_12_min",
      "mfcc_12_delta_mean",
      "mfcc_12_delta2_mean"
    ]
  },